{"keras_f1": 0.6592297517297516, "scratch_f1": 0.6592297517297516, "keras_predictions": [2, 1, 0, 2, 1, 0, 1, 0, 0, 2, 0, 2, 1, 1, 1, 0, 0, 2, 0, 2, 0, 2, 2, 1, 1, 2, 2, 0, 2, 2, 0, 1, 2, 2, 0, 0, 0, 2, 2, 2, 2, 2, 0, 0, 1, 0, 1, 0, 1, 0, 2, 0, 0, 2, 0, 0, 2, 0, 0, 2, 0, 2, 2, 1, 0, 1, 2, 0, 2, 0, 0, 0, 0, 1, 2, 0, 2, 2, 2, 2, 2, 0, 1, 0, 2, 2, 0, 2, 0, 0, 0, 0, 0, 1, 2, 0, 0, 1, 0, 0, 2, 2, 0, 2, 0, 1, 2, 2, 0, 0, 1, 0, 2, 2, 2, 1, 2, 2, 2, 2, 2, 0, 2, 0, 0, 1, 0, 0, 1, 0, 1, 2, 1, 2, 2, 0, 2, 2, 2, 2, 2, 0, 0, 0, 2, 0, 0, 2, 0, 1, 0, 2, 1, 2, 1, 1, 0, 1, 2, 2, 2, 2, 2, 0, 2, 2, 2, 0, 0, 0, 2, 2, 2, 1, 2, 0, 0, 0, 1, 2, 0, 2, 0, 0, 0, 2, 0, 1, 2, 2, 0, 2, 0, 0, 0, 2, 2, 0, 0, 0, 2, 2, 1, 2, 2, 1, 0, 0, 2, 2, 2, 0, 2, 0, 2, 1, 1, 0, 2, 1, 0, 1, 2, 2, 2, 0, 0, 2, 1, 2, 2, 1, 0, 0, 0, 0, 0, 0, 2, 1, 0, 0, 0, 0, 2, 0, 0, 1, 0, 2, 1, 2, 1, 2, 2, 0, 0, 0, 2, 2, 2, 2, 2, 0, 1, 1, 2, 0, 2, 0, 1, 2, 2, 2, 0, 2, 2, 0, 2, 2, 0, 2, 2, 2, 1, 2, 0, 2, 1, 1, 2, 0, 0, 0, 2, 2, 0, 0, 0, 0, 0, 0, 0, 0, 2, 2, 1, 0, 2, 2, 1, 0, 1, 0, 1, 0, 0, 0, 0, 0, 2, 2, 2, 2, 1, 2, 1, 0, 2, 0, 2, 2, 0, 0, 0, 0, 0, 0, 0, 2, 2, 0, 0, 0, 0, 0, 2, 0, 0, 0, 2, 0, 0, 0, 1, 0, 2, 2, 1, 2, 1, 1, 2, 0, 0, 0, 0, 2, 2, 1, 0, 2, 2, 2, 0, 2, 2, 2, 0, 0, 0, 2, 2, 2, 0, 0, 1, 0, 2, 0, 0, 0, 2, 0, 0, 2, 2, 2, 1, 2], "scratch_predictions": [2, 1, 0, 2, 1, 0, 1, 0, 0, 2, 0, 2, 1, 1, 1, 0, 0, 2, 0, 2, 0, 2, 2, 1, 1, 2, 2, 0, 2, 2, 0, 1, 2, 2, 0, 0, 0, 2, 2, 2, 2, 2, 0, 0, 1, 0, 1, 0, 1, 0, 2, 0, 0, 2, 0, 0, 2, 0, 0, 2, 0, 2, 2, 1, 0, 1, 2, 0, 2, 0, 0, 0, 0, 1, 2, 0, 2, 2, 2, 2, 2, 0, 1, 0, 2, 2, 0, 2, 0, 0, 0, 0, 0, 1, 2, 0, 0, 1, 0, 0, 2, 2, 0, 2, 0, 1, 2, 2, 0, 0, 1, 0, 2, 2, 2, 1, 2, 2, 2, 2, 2, 0, 2, 0, 0, 1, 0, 0, 1, 0, 1, 2, 1, 2, 2, 0, 2, 2, 2, 2, 2, 0, 0, 0, 2, 0, 0, 2, 0, 1, 0, 2, 1, 2, 1, 1, 0, 1, 2, 2, 2, 2, 2, 0, 2, 2, 2, 0, 0, 0, 2, 2, 2, 1, 2, 0, 0, 0, 1, 2, 0, 2, 0, 0, 0, 2, 0, 1, 2, 2, 0, 2, 0, 0, 0, 2, 2, 0, 0, 0, 2, 2, 1, 2, 2, 1, 0, 0, 2, 2, 2, 0, 2, 0, 2, 1, 1, 0, 2, 1, 0, 1, 2, 2, 2, 0, 0, 2, 1, 2, 2, 1, 0, 0, 0, 0, 0, 0, 2, 1, 0, 0, 0, 0, 2, 0, 0, 1, 0, 2, 1, 2, 1, 2, 2, 0, 0, 0, 2, 2, 2, 2, 2, 0, 1, 1, 2, 0, 2, 0, 1, 2, 2, 2, 0, 2, 2, 0, 2, 2, 0, 2, 2, 2, 1, 2, 0, 2, 1, 1, 2, 0, 0, 0, 2, 2, 0, 0, 0, 0, 0, 0, 0, 0, 2, 2, 1, 0, 2, 2, 1, 0, 1, 0, 1, 0, 0, 0, 0, 0, 2, 2, 2, 2, 1, 2, 1, 0, 2, 0, 2, 2, 0, 0, 0, 0, 0, 0, 0, 2, 2, 0, 0, 0, 0, 0, 2, 0, 0, 0, 2, 0, 0, 0, 1, 0, 2, 2, 1, 2, 1, 1, 2, 0, 0, 0, 0, 2, 2, 1, 0, 2, 2, 2, 0, 2, 2, 2, 0, 0, 0, 2, 2, 2, 0, 0, 1, 0, 2, 0, 0, 0, 2, 0, 0, 2, 2, 2, 1, 2]}